[{"model": "data_parser.area", "pk": 15, "fields": {"name": "arctic", "fullname": "Arctic"}}, {"model": "data_parser.area", "pk": 16, "fields": {"name": "balticsea", "fullname": "Baltic Sea"}}, {"model": "data_parser.area", "pk": 17, "fields": {"name": "global", "fullname": "Global"}}, {"model": "data_parser.area", "pk": 18, "fields": {"name": "ibi", "fullname": "Iberian-Biscay-Ireland"}}, {"model": "data_parser.area", "pk": 19, "fields": {"name": "medsea", "fullname": "Mediterranean Sea"}}, {"model": "data_parser.area", "pk": 20, "fields": {"name": "nws", "fullname": "North Western Shelves"}}, {"model": "data_parser.area", "pk": 21, "fields": {"name": "blacksea", "fullname": "Black Sea"}}, {"model": "data_parser.universe", "pk": 7, "fields": {"name": "BLUE", "areas": []}}, {"model": "data_parser.universe", "pk": 8, "fields": {"name": "GREEN", "areas": []}}, {"model": "data_parser.universe", "pk": 9, "fields": {"name": "WHITE", "areas": []}}, {"model": "data_parser.variable", "pk": 23, "fields": {"name": "Temperature", "universe": 7}}, {"model": "data_parser.variable", "pk": 24, "fields": {"name": "Salinity", "universe": 7}}, {"model": "data_parser.variable", "pk": 25, "fields": {"name": "Sea Surface Height", "universe": 7}}, {"model": "data_parser.variable", "pk": 26, "fields": {"name": "Current Velocity", "universe": 7}}, {"model": "data_parser.variable", "pk": 27, "fields": {"name": "Sea Surface Wave", "universe": 7}}, {"model": "data_parser.variable", "pk": 28, "fields": {"name": "Wind", "universe": 7}}, {"model": "data_parser.variable", "pk": 29, "fields": {"name": "Mixed Layer Thickness", "universe": 7}}, {"model": "data_parser.variable", "pk": 30, "fields": {"name": "Plankton", "universe": 8}}, {"model": "data_parser.variable", "pk": 31, "fields": {"name": "Oxygen", "universe": 8}}, {"model": "data_parser.variable", "pk": 32, "fields": {"name": "Primary Production", "universe": 8}}, {"model": "data_parser.variable", "pk": 33, "fields": {"name": "Sea Ice", "universe": 9}}, {"model": "data_parser.dataset", "pk": 175, "fields": {"name": "temperature", "variable": 23}}, {"model": "data_parser.dataset", "pk": 176, "fields": {"name": "sst", "variable": 23}}, {"model": "data_parser.dataset", "pk": 177, "fields": {"name": "sst_5***", "variable": 23}}, {"model": "data_parser.dataset", "pk": 178, "fields": {"name": "sst_avhrr", "variable": 23}}, {"model": "data_parser.dataset", "pk": 179, "fields": {"name": "sst_insitu", "variable": 23}}, {"model": "data_parser.dataset", "pk": 180, "fields": {"name": "sst_ferrybox", "variable": 23}}, {"model": "data_parser.dataset", "pk": 181, "fields": {"name": "sst_metop", "variable": 23}}, {"model": "data_parser.dataset", "pk": 182, "fields": {"name": "sst_all", "variable": 23}}, {"model": "data_parser.dataset", "pk": 183, "fields": {"name": "sst_bucketship", "variable": 23}}, {"model": "data_parser.dataset", "pk": 184, "fields": {"name": "sst_cmansst", "variable": 23}}, {"model": "data_parser.dataset", "pk": 185, "fields": {"name": "sst_driftingbuoy", "variable": 23}}, {"model": "data_parser.dataset", "pk": 186, "fields": {"name": "sst_eriship", "variable": 23}}, {"model": "data_parser.dataset", "pk": 187, "fields": {"name": "sst_fixedbuoy", "variable": 23}}, {"model": "data_parser.dataset", "pk": 188, "fields": {"name": "sst_hullsensorship", "variable": 23}}, {"model": "data_parser.dataset", "pk": 189, "fields": {"name": "sst_ship", "variable": 23}}, {"model": "data_parser.dataset", "pk": 190, "fields": {"name": "sst_l3", "variable": 23}}, {"model": "data_parser.dataset", "pk": 191, "fields": {"name": "sst_l4", "variable": 23}}, {"model": "data_parser.dataset", "pk": 192, "fields": {"name": "sstl3s", "variable": 23}}, {"model": "data_parser.dataset", "pk": 193, "fields": {"name": "sst_0", "variable": 23}}, {"model": "data_parser.dataset", "pk": 194, "fields": {"name": "salinity", "variable": 24}}, {"model": "data_parser.dataset", "pk": 195, "fields": {"name": "sss_ferrybox", "variable": 24}}, {"model": "data_parser.dataset", "pk": 196, "fields": {"name": "sla", "variable": 25}}, {"model": "data_parser.dataset", "pk": 197, "fields": {"name": "slev_insitu", "variable": 25}}, {"model": "data_parser.dataset", "pk": 198, "fields": {"name": "sla_altimeter", "variable": 25}}, {"model": "data_parser.dataset", "pk": 199, "fields": {"name": "sla_al_al", "variable": 25}}, {"model": "data_parser.dataset", "pk": 200, "fields": {"name": "sla_c2_c2", "variable": 25}}, {"model": "data_parser.dataset", "pk": 201, "fields": {"name": "sla_h2_h2", "variable": 25}}, {"model": "data_parser.dataset", "pk": 202, "fields": {"name": "sla_j1g_j1g", "variable": 25}}, {"model": "data_parser.dataset", "pk": 203, "fields": {"name": "sla_j2_al", "variable": 25}}, {"model": "data_parser.dataset", "pk": 204, "fields": {"name": "sla_j2_c2", "variable": 25}}, {"model": "data_parser.dataset", "pk": 205, "fields": {"name": "sla_j2g_j2g", "variable": 25}}, {"model": "data_parser.dataset", "pk": 206, "fields": {"name": "sla_j2_h2", "variable": 25}}, {"model": "data_parser.dataset", "pk": 207, "fields": {"name": "sla_j2_j1g", "variable": 25}}, {"model": "data_parser.dataset", "pk": 208, "fields": {"name": "sla_j2_j2", "variable": 25}}, {"model": "data_parser.dataset", "pk": 209, "fields": {"name": "sla_j2n_j2n", "variable": 25}}, {"model": "data_parser.dataset", "pk": 210, "fields": {"name": "sla_j3_al", "variable": 25}}, {"model": "data_parser.dataset", "pk": 211, "fields": {"name": "sla_j3_c2", "variable": 25}}, {"model": "data_parser.dataset", "pk": 212, "fields": {"name": "sla_j3_j2g", "variable": 25}}, {"model": "data_parser.dataset", "pk": 213, "fields": {"name": "sla_j3_j2n", "variable": 25}}, {"model": "data_parser.dataset", "pk": 214, "fields": {"name": "sla_j3_j3", "variable": 25}}, {"model": "data_parser.dataset", "pk": 215, "fields": {"name": "sla_j3_s3a", "variable": 25}}, {"model": "data_parser.dataset", "pk": 216, "fields": {"name": "sla_s3a_s3a", "variable": 25}}, {"model": "data_parser.dataset", "pk": 217, "fields": {"name": "eastward_velocity", "variable": 26}}, {"model": "data_parser.dataset", "pk": 218, "fields": {"name": "northward_velocity", "variable": 26}}, {"model": "data_parser.dataset", "pk": 219, "fields": {"name": "speed", "variable": 26}}, {"model": "data_parser.dataset", "pk": 220, "fields": {"name": "VHM0_platform", "variable": 27}}, {"model": "data_parser.dataset", "pk": 221, "fields": {"name": "waves", "variable": 27}}, {"model": "data_parser.dataset", "pk": 222, "fields": {"name": "swh", "variable": 27}}, {"model": "data_parser.dataset", "pk": 223, "fields": {"name": "swh_l3", "variable": 27}}, {"model": "data_parser.dataset", "pk": 224, "fields": {"name": "ascat_a_12km_asc_speed", "variable": 28}}, {"model": "data_parser.dataset", "pk": 225, "fields": {"name": "ascat_a_12km_asc_u", "variable": 28}}, {"model": "data_parser.dataset", "pk": 226, "fields": {"name": "ascat_a_12km_asc_v", "variable": 28}}, {"model": "data_parser.dataset", "pk": 227, "fields": {"name": "ascat_a_12km_des_speed", "variable": 28}}, {"model": "data_parser.dataset", "pk": 228, "fields": {"name": "ascat_a_12km_des_u", "variable": 28}}, {"model": "data_parser.dataset", "pk": 229, "fields": {"name": "ascat_a_12km_des_v", "variable": 28}}, {"model": "data_parser.dataset", "pk": 230, "fields": {"name": "ascat_a_25km_asc_speed", "variable": 28}}, {"model": "data_parser.dataset", "pk": 231, "fields": {"name": "ascat_a_25km_asc_u", "variable": 28}}, {"model": "data_parser.dataset", "pk": 232, "fields": {"name": "ascat_a_25km_asc_v", "variable": 28}}, {"model": "data_parser.dataset", "pk": 233, "fields": {"name": "ascat_a_25km_des_speed", "variable": 28}}, {"model": "data_parser.dataset", "pk": 234, "fields": {"name": "ascat_a_25km_des_u", "variable": 28}}, {"model": "data_parser.dataset", "pk": 235, "fields": {"name": "ascat_a_25km_des_v", "variable": 28}}, {"model": "data_parser.dataset", "pk": 236, "fields": {"name": "ascat_b_12km_asc_speed", "variable": 28}}, {"model": "data_parser.dataset", "pk": 237, "fields": {"name": "ascat_b_12km_asc_u", "variable": 28}}, {"model": "data_parser.dataset", "pk": 238, "fields": {"name": "ascat_b_12km_asc_v", "variable": 28}}, {"model": "data_parser.dataset", "pk": 239, "fields": {"name": "ascat_b_12km_des_speed", "variable": 28}}, {"model": "data_parser.dataset", "pk": 240, "fields": {"name": "ascat_b_12km_des_u", "variable": 28}}, {"model": "data_parser.dataset", "pk": 241, "fields": {"name": "ascat_b_12km_des_v", "variable": 28}}, {"model": "data_parser.dataset", "pk": 242, "fields": {"name": "ascat_b_25km_asc_speed", "variable": 28}}, {"model": "data_parser.dataset", "pk": 243, "fields": {"name": "ascat_b_25km_asc_u", "variable": 28}}, {"model": "data_parser.dataset", "pk": 244, "fields": {"name": "ascat_b_25km_asc_v", "variable": 28}}, {"model": "data_parser.dataset", "pk": 245, "fields": {"name": "ascat_b_25km_des_speed", "variable": 28}}, {"model": "data_parser.dataset", "pk": 246, "fields": {"name": "ascat_b_25km_des_u", "variable": 28}}, {"model": "data_parser.dataset", "pk": 247, "fields": {"name": "ascat_b_25km_des_v", "variable": 28}}, {"model": "data_parser.dataset", "pk": 248, "fields": {"name": "chl_a_modis", "variable": 30}}, {"model": "data_parser.dataset", "pk": 249, "fields": {"name": "chl-a-modis", "variable": 30}}, {"model": "data_parser.dataset", "pk": 250, "fields": {"name": "chl-a", "variable": 30}}, {"model": "data_parser.dataset", "pk": 251, "fields": {"name": "chl_l3", "variable": 30}}, {"model": "data_parser.dataset", "pk": 252, "fields": {"name": "chl_l4", "variable": 30}}, {"model": "data_parser.dataset", "pk": 253, "fields": {"name": "log10_chlorophyll", "variable": 30}}, {"model": "data_parser.dataset", "pk": 254, "fields": {"name": "oxygen", "variable": 31}}, {"model": "data_parser.dataset", "pk": 255, "fields": {"name": "spm", "variable": 32}}, {"model": "data_parser.dataset", "pk": 256, "fields": {"name": "seaice-concentration", "variable": 33}}, {"model": "data_parser.dataset", "pk": 257, "fields": {"name": "seaice-drift", "variable": 33}}, {"model": "data_parser.dataset", "pk": 258, "fields": {"name": "seaice-edge", "variable": 33}}, {"model": "data_parser.dataset", "pk": 259, "fields": {"name": "ice_concentration", "variable": 33}}, {"model": "data_parser.dataset", "pk": 260, "fields": {"name": "ice_coverage", "variable": 33}}, {"model": "data_parser.dataset", "pk": 261, "fields": {"name": "ice_thickness", "variable": 33}}]