[{"model": "data_parser.area", "pk": 12, "fields": {"name": "arctic", "fullname": "Arctic"}}, {"model": "data_parser.area", "pk": 13, "fields": {"name": "balticsea", "fullname": "Baltic Sea"}}, {"model": "data_parser.area", "pk": 14, "fields": {"name": "global", "fullname": "Global"}}, {"model": "data_parser.area", "pk": 15, "fields": {"name": "ibi", "fullname": "Iberian-Biscay-Ireland"}}, {"model": "data_parser.area", "pk": 16, "fields": {"name": "medsea", "fullname": "Mediterranean Sea"}}, {"model": "data_parser.area", "pk": 17, "fields": {"name": "nws", "fullname": "North Western Shelves"}}, {"model": "data_parser.area", "pk": 18, "fields": {"name": "blacksea", "fullname": "Black Sea"}}, {"model": "data_parser.subarea", "pk": 115, "fields": {"name": "atlantic-sector", "area": 12}}, {"model": "data_parser.subarea", "pk": 116, "fields": {"name": "barents-sea", "area": 12}}, {"model": "data_parser.subarea", "pk": 117, "fields": {"name": "nordic-seas", "area": 12}}, {"model": "data_parser.subarea", "pk": 118, "fields": {"name": "full-domain", "area": 12}}, {"model": "data_parser.subarea", "pk": 119, "fields": {"name": "arctic-svalbard", "area": 12}}, {"model": "data_parser.subarea", "pk": 120, "fields": {"name": "arctic-sector-175e-65w", "area": 12}}, {"model": "data_parser.subarea", "pk": 121, "fields": {"name": "arctic-sector-55e-175e", "area": 12}}, {"model": "data_parser.subarea", "pk": 122, "fields": {"name": "arctic-sector-65w-55e", "area": 12}}, {"model": "data_parser.subarea", "pk": 123, "fields": {"name": "nordic-seas-south", "area": 12}}, {"model": "data_parser.subarea", "pk": 124, "fields": {"name": "south-domain", "area": 12}}, {"model": "data_parser.subarea", "pk": 125, "fields": {"name": "north-sea-and-norwegian-sea", "area": 12}}, {"model": "data_parser.subarea", "pk": 126, "fields": {"name": "baltic-proper", "area": 13}}, {"model": "data_parser.subarea", "pk": 127, "fields": {"name": "danish-straits-ore-sound", "area": 13}}, {"model": "data_parser.subarea", "pk": 128, "fields": {"name": "full-domain", "area": 13}}, {"model": "data_parser.subarea", "pk": 129, "fields": {"name": "gulf-of-bothnia", "area": 13}}, {"model": "data_parser.subarea", "pk": 130, "fields": {"name": "gulf-of-finland-gulf-of-riga", "area": 13}}, {"model": "data_parser.subarea", "pk": 131, "fields": {"name": "kattegat-skagerak", "area": 13}}, {"model": "data_parser.subarea", "pk": 132, "fields": {"name": "antarctic-circumpolar", "area": 14}}, {"model": "data_parser.subarea", "pk": 133, "fields": {"name": "arctic-ocean", "area": 14}}, {"model": "data_parser.subarea", "pk": 134, "fields": {"name": "baltic-sea", "area": 14}}, {"model": "data_parser.subarea", "pk": 135, "fields": {"name": "full-domain", "area": 14}}, {"model": "data_parser.subarea", "pk": 136, "fields": {"name": "iberian-biscay-irish", "area": 14}}, {"model": "data_parser.subarea", "pk": 137, "fields": {"name": "indian-ocean", "area": 14}}, {"model": "data_parser.subarea", "pk": 138, "fields": {"name": "mediterranean-sea", "area": 14}}, {"model": "data_parser.subarea", "pk": 139, "fields": {"name": "north-atlantic-ocean", "area": 14}}, {"model": "data_parser.subarea", "pk": 140, "fields": {"name": "north-pacific-ocean", "area": 14}}, {"model": "data_parser.subarea", "pk": 141, "fields": {"name": "north-sea", "area": 14}}, {"model": "data_parser.subarea", "pk": 142, "fields": {"name": "south-atlantic-ocean", "area": 14}}, {"model": "data_parser.subarea", "pk": 143, "fields": {"name": "south-pacific-ocean", "area": 14}}, {"model": "data_parser.subarea", "pk": 144, "fields": {"name": "tropical-atlantic-ocean", "area": 14}}, {"model": "data_parser.subarea", "pk": 145, "fields": {"name": "tropical-pacific-ocean", "area": 14}}, {"model": "data_parser.subarea", "pk": 146, "fields": {"name": "global-ocean", "area": 14}}, {"model": "data_parser.subarea", "pk": 147, "fields": {"name": "north-atlantic", "area": 14}}, {"model": "data_parser.subarea", "pk": 148, "fields": {"name": "north-pacific", "area": 14}}, {"model": "data_parser.subarea", "pk": 149, "fields": {"name": "south-atlantic", "area": 14}}, {"model": "data_parser.subarea", "pk": 150, "fields": {"name": "south-pacific", "area": 14}}, {"model": "data_parser.subarea", "pk": 151, "fields": {"name": "southern-ocean", "area": 14}}, {"model": "data_parser.subarea", "pk": 152, "fields": {"name": "tropical-atlantic", "area": 14}}, {"model": "data_parser.subarea", "pk": 153, "fields": {"name": "tropical-pacific", "area": 14}}, {"model": "data_parser.subarea", "pk": 154, "fields": {"name": "global", "area": 14}}, {"model": "data_parser.subarea", "pk": 155, "fields": {"name": "cadiz", "area": 15}}, {"model": "data_parser.subarea", "pk": 156, "fields": {"name": "echan", "area": 15}}, {"model": "data_parser.subarea", "pk": 157, "fields": {"name": "full-domain", "area": 15}}, {"model": "data_parser.subarea", "pk": 158, "fields": {"name": "gibst", "area": 15}}, {"model": "data_parser.subarea", "pk": 159, "fields": {"name": "gobis", "area": 15}}, {"model": "data_parser.subarea", "pk": 160, "fields": {"name": "icana", "area": 15}}, {"model": "data_parser.subarea", "pk": 161, "fields": {"name": "irish", "area": 15}}, {"model": "data_parser.subarea", "pk": 162, "fields": {"name": "nibsh", "area": 15}}, {"model": "data_parser.subarea", "pk": 163, "fields": {"name": "wibsh", "area": 15}}, {"model": "data_parser.subarea", "pk": 164, "fields": {"name": "wsmed", "area": 15}}, {"model": "data_parser.subarea", "pk": 165, "fields": {"name": "aegean-sea", "area": 16}}, {"model": "data_parser.subarea", "pk": 166, "fields": {"name": "alboran-sea", "area": 16}}, {"model": "data_parser.subarea", "pk": 167, "fields": {"name": "eastern-ionian", "area": 16}}, {"model": "data_parser.subarea", "pk": 168, "fields": {"name": "eastern-levantine", "area": 16}}, {"model": "data_parser.subarea", "pk": 169, "fields": {"name": "mediterranean-sea", "area": 16}}, {"model": "data_parser.subarea", "pk": 170, "fields": {"name": "north-western-mediterranean", "area": 16}}, {"model": "data_parser.subarea", "pk": 171, "fields": {"name": "northern-adriatic", "area": 16}}, {"model": "data_parser.subarea", "pk": 172, "fields": {"name": "northern-ionian", "area": 16}}, {"model": "data_parser.subarea", "pk": 173, "fields": {"name": "northern-levantine", "area": 16}}, {"model": "data_parser.subarea", "pk": 174, "fields": {"name": "northern-tyrrhenian", "area": 16}}, {"model": "data_parser.subarea", "pk": 175, "fields": {"name": "south-western-mediterranean-east", "area": 16}}, {"model": "data_parser.subarea", "pk": 176, "fields": {"name": "south-western-mediterranean-west", "area": 16}}, {"model": "data_parser.subarea", "pk": 177, "fields": {"name": "southern-adriatic", "area": 16}}, {"model": "data_parser.subarea", "pk": 178, "fields": {"name": "southern-levantine", "area": 16}}, {"model": "data_parser.subarea", "pk": 179, "fields": {"name": "southern-tyrrhenian", "area": 16}}, {"model": "data_parser.subarea", "pk": 180, "fields": {"name": "western-ionian", "area": 16}}, {"model": "data_parser.subarea", "pk": 181, "fields": {"name": "western-levantine", "area": 16}}, {"model": "data_parser.subarea", "pk": 182, "fields": {"name": "adriatic-sea-northern-part", "area": 16}}, {"model": "data_parser.subarea", "pk": 183, "fields": {"name": "adriatic-sea-southern-part", "area": 16}}, {"model": "data_parser.subarea", "pk": 184, "fields": {"name": "ionian-sea-north-eastern-part", "area": 16}}, {"model": "data_parser.subarea", "pk": 185, "fields": {"name": "ionian-sea-south-eastern-part", "area": 16}}, {"model": "data_parser.subarea", "pk": 186, "fields": {"name": "ionian-sea-western-part", "area": 16}}, {"model": "data_parser.subarea", "pk": 187, "fields": {"name": "levantine-sea-central-northern-part", "area": 16}}, {"model": "data_parser.subarea", "pk": 188, "fields": {"name": "levantine-sea-central-southern-part", "area": 16}}, {"model": "data_parser.subarea", "pk": 189, "fields": {"name": "levantine-sea-eastern-part", "area": 16}}, {"model": "data_parser.subarea", "pk": 190, "fields": {"name": "levantine-sea-western-part", "area": 16}}, {"model": "data_parser.subarea", "pk": 191, "fields": {"name": "north-west-med", "area": 16}}, {"model": "data_parser.subarea", "pk": 192, "fields": {"name": "south-west-med-eastern-part", "area": 16}}, {"model": "data_parser.subarea", "pk": 193, "fields": {"name": "south-west-med-western-part", "area": 16}}, {"model": "data_parser.subarea", "pk": 194, "fields": {"name": "tyrrhenian-sea-northern-part", "area": 16}}, {"model": "data_parser.subarea", "pk": 195, "fields": {"name": "tyrrhenian-sea-southern-part", "area": 16}}, {"model": "data_parser.subarea", "pk": 196, "fields": {"name": "adriatic-sea", "area": 16}}, {"model": "data_parser.subarea", "pk": 197, "fields": {"name": "tyrrhenian-sea", "area": 16}}, {"model": "data_parser.subarea", "pk": 198, "fields": {"name": "full-domain", "area": 17}}, {"model": "data_parser.subarea", "pk": 199, "fields": {"name": "irish-sea", "area": 17}}, {"model": "data_parser.subarea", "pk": 200, "fields": {"name": "north-western-approach", "area": 17}}, {"model": "data_parser.subarea", "pk": 201, "fields": {"name": "northern-north-sea", "area": 17}}, {"model": "data_parser.subarea", "pk": 202, "fields": {"name": "norwegian-trench", "area": 17}}, {"model": "data_parser.subarea", "pk": 203, "fields": {"name": "off-shelf", "area": 17}}, {"model": "data_parser.subarea", "pk": 204, "fields": {"name": "on-shelf", "area": 17}}, {"model": "data_parser.subarea", "pk": 205, "fields": {"name": "south-western-approach", "area": 17}}, {"model": "data_parser.subarea", "pk": 206, "fields": {"name": "southern-north-sea", "area": 17}}, {"model": "data_parser.universe", "pk": 6, "fields": {"name": "BLUE", "subareas": []}}, {"model": "data_parser.universe", "pk": 7, "fields": {"name": "GREEN", "subareas": []}}, {"model": "data_parser.universe", "pk": 8, "fields": {"name": "WHITE", "subareas": []}}, {"model": "data_parser.variable", "pk": 15, "fields": {"name": "Temperature", "universe": 6}}, {"model": "data_parser.variable", "pk": 16, "fields": {"name": "Salinity", "universe": 6}}, {"model": "data_parser.variable", "pk": 17, "fields": {"name": "Sea Surface Height", "universe": 6}}, {"model": "data_parser.variable", "pk": 18, "fields": {"name": "Current Velocity", "universe": 6}}, {"model": "data_parser.variable", "pk": 19, "fields": {"name": "Sea Surface Wave", "universe": 6}}, {"model": "data_parser.variable", "pk": 20, "fields": {"name": "Wind", "universe": 6}}, {"model": "data_parser.variable", "pk": 21, "fields": {"name": "Mixed Layer Thickness", "universe": 6}}, {"model": "data_parser.variable", "pk": 22, "fields": {"name": "Plankton", "universe": 7}}, {"model": "data_parser.variable", "pk": 23, "fields": {"name": "Oxygen", "universe": 7}}, {"model": "data_parser.variable", "pk": 24, "fields": {"name": "Primary Production", "universe": 7}}, {"model": "data_parser.variable", "pk": 25, "fields": {"name": "Sea Ice", "universe": 8}}, {"model": "data_parser.dataset", "pk": 92, "fields": {"name": "temperature", "variable": 15}}, {"model": "data_parser.dataset", "pk": 93, "fields": {"name": "sst", "variable": 15}}, {"model": "data_parser.dataset", "pk": 94, "fields": {"name": "sst-5***", "variable": 15}}, {"model": "data_parser.dataset", "pk": 95, "fields": {"name": "sst-avhrr", "variable": 15}}, {"model": "data_parser.dataset", "pk": 96, "fields": {"name": "sst-insitu", "variable": 15}}, {"model": "data_parser.dataset", "pk": 97, "fields": {"name": "sst-ferrybox", "variable": 15}}, {"model": "data_parser.dataset", "pk": 98, "fields": {"name": "sst-metop", "variable": 15}}, {"model": "data_parser.dataset", "pk": 99, "fields": {"name": "sst-all", "variable": 15}}, {"model": "data_parser.dataset", "pk": 100, "fields": {"name": "sst-bucketship", "variable": 15}}, {"model": "data_parser.dataset", "pk": 101, "fields": {"name": "sst-cmansst", "variable": 15}}, {"model": "data_parser.dataset", "pk": 102, "fields": {"name": "sst-driftingbuoy", "variable": 15}}, {"model": "data_parser.dataset", "pk": 103, "fields": {"name": "sst-eriship", "variable": 15}}, {"model": "data_parser.dataset", "pk": 104, "fields": {"name": "sst-fixedbuoy", "variable": 15}}, {"model": "data_parser.dataset", "pk": 105, "fields": {"name": "sst-hullsensorship", "variable": 15}}, {"model": "data_parser.dataset", "pk": 106, "fields": {"name": "sst-ship", "variable": 15}}, {"model": "data_parser.dataset", "pk": 107, "fields": {"name": "sst-l3", "variable": 15}}, {"model": "data_parser.dataset", "pk": 108, "fields": {"name": "sst-l4", "variable": 15}}, {"model": "data_parser.dataset", "pk": 109, "fields": {"name": "sstl3s", "variable": 15}}, {"model": "data_parser.dataset", "pk": 110, "fields": {"name": "sst-0", "variable": 15}}, {"model": "data_parser.dataset", "pk": 111, "fields": {"name": "salinity", "variable": 16}}, {"model": "data_parser.dataset", "pk": 112, "fields": {"name": "sss-ferrybox", "variable": 16}}, {"model": "data_parser.dataset", "pk": 113, "fields": {"name": "sla", "variable": 17}}, {"model": "data_parser.dataset", "pk": 114, "fields": {"name": "slev-insitu", "variable": 17}}, {"model": "data_parser.dataset", "pk": 115, "fields": {"name": "sla-altimeter", "variable": 17}}, {"model": "data_parser.dataset", "pk": 116, "fields": {"name": "sla-al-al", "variable": 17}}, {"model": "data_parser.dataset", "pk": 117, "fields": {"name": "sla-c2-c2", "variable": 17}}, {"model": "data_parser.dataset", "pk": 118, "fields": {"name": "sla-h2-h2", "variable": 17}}, {"model": "data_parser.dataset", "pk": 119, "fields": {"name": "sla-j1g-j1g", "variable": 17}}, {"model": "data_parser.dataset", "pk": 120, "fields": {"name": "sla-j2-al", "variable": 17}}, {"model": "data_parser.dataset", "pk": 121, "fields": {"name": "sla-j2-c2", "variable": 17}}, {"model": "data_parser.dataset", "pk": 122, "fields": {"name": "sla-j2g-j2g", "variable": 17}}, {"model": "data_parser.dataset", "pk": 123, "fields": {"name": "sla-j2-h2", "variable": 17}}, {"model": "data_parser.dataset", "pk": 124, "fields": {"name": "sla-j2-j1g", "variable": 17}}, {"model": "data_parser.dataset", "pk": 125, "fields": {"name": "sla-j2-j2", "variable": 17}}, {"model": "data_parser.dataset", "pk": 126, "fields": {"name": "sla-j2n-j2n", "variable": 17}}, {"model": "data_parser.dataset", "pk": 127, "fields": {"name": "sla-j3-al", "variable": 17}}, {"model": "data_parser.dataset", "pk": 128, "fields": {"name": "sla-j3-c2", "variable": 17}}, {"model": "data_parser.dataset", "pk": 129, "fields": {"name": "sla-j3-j2g", "variable": 17}}, {"model": "data_parser.dataset", "pk": 130, "fields": {"name": "sla-j3-j2n", "variable": 17}}, {"model": "data_parser.dataset", "pk": 131, "fields": {"name": "sla-j3-j3", "variable": 17}}, {"model": "data_parser.dataset", "pk": 132, "fields": {"name": "sla-j3-s3a", "variable": 17}}, {"model": "data_parser.dataset", "pk": 133, "fields": {"name": "sla-s3a-s3a", "variable": 17}}, {"model": "data_parser.dataset", "pk": 134, "fields": {"name": "eastward-velocity", "variable": 18}}, {"model": "data_parser.dataset", "pk": 135, "fields": {"name": "northward-velocity", "variable": 18}}, {"model": "data_parser.dataset", "pk": 136, "fields": {"name": "speed", "variable": 18}}, {"model": "data_parser.dataset", "pk": 137, "fields": {"name": "VHM0-platform", "variable": 19}}, {"model": "data_parser.dataset", "pk": 138, "fields": {"name": "waves", "variable": 19}}, {"model": "data_parser.dataset", "pk": 139, "fields": {"name": "swh", "variable": 19}}, {"model": "data_parser.dataset", "pk": 140, "fields": {"name": "swh-l3", "variable": 19}}, {"model": "data_parser.dataset", "pk": 141, "fields": {"name": "ascat-a-12km-asc-speed", "variable": 20}}, {"model": "data_parser.dataset", "pk": 142, "fields": {"name": "ascat-a-12km-asc-u", "variable": 20}}, {"model": "data_parser.dataset", "pk": 143, "fields": {"name": "ascat-a-12km-asc-v", "variable": 20}}, {"model": "data_parser.dataset", "pk": 144, "fields": {"name": "ascat-a-12km-des-speed", "variable": 20}}, {"model": "data_parser.dataset", "pk": 145, "fields": {"name": "ascat-a-12km-des-u", "variable": 20}}, {"model": "data_parser.dataset", "pk": 146, "fields": {"name": "ascat-a-12km-des-v", "variable": 20}}, {"model": "data_parser.dataset", "pk": 147, "fields": {"name": "ascat-a-25km-asc-speed", "variable": 20}}, {"model": "data_parser.dataset", "pk": 148, "fields": {"name": "ascat-a-25km-asc-u", "variable": 20}}, {"model": "data_parser.dataset", "pk": 149, "fields": {"name": "ascat-a-25km-asc-v", "variable": 20}}, {"model": "data_parser.dataset", "pk": 150, "fields": {"name": "ascat-a-25km-des-speed", "variable": 20}}, {"model": "data_parser.dataset", "pk": 151, "fields": {"name": "ascat-a-25km-des-u", "variable": 20}}, {"model": "data_parser.dataset", "pk": 152, "fields": {"name": "ascat-a-25km-des-v", "variable": 20}}, {"model": "data_parser.dataset", "pk": 153, "fields": {"name": "ascat-b-12km-asc-speed", "variable": 20}}, {"model": "data_parser.dataset", "pk": 154, "fields": {"name": "ascat-b-12km-asc-u", "variable": 20}}, {"model": "data_parser.dataset", "pk": 155, "fields": {"name": "ascat-b-12km-asc-v", "variable": 20}}, {"model": "data_parser.dataset", "pk": 156, "fields": {"name": "ascat-b-12km-des-speed", "variable": 20}}, {"model": "data_parser.dataset", "pk": 157, "fields": {"name": "ascat-b-12km-des-u", "variable": 20}}, {"model": "data_parser.dataset", "pk": 158, "fields": {"name": "ascat-b-12km-des-v", "variable": 20}}, {"model": "data_parser.dataset", "pk": 159, "fields": {"name": "ascat-b-25km-asc-speed", "variable": 20}}, {"model": "data_parser.dataset", "pk": 160, "fields": {"name": "ascat-b-25km-asc-u", "variable": 20}}, {"model": "data_parser.dataset", "pk": 161, "fields": {"name": "ascat-b-25km-asc-v", "variable": 20}}, {"model": "data_parser.dataset", "pk": 162, "fields": {"name": "ascat-b-25km-des-speed", "variable": 20}}, {"model": "data_parser.dataset", "pk": 163, "fields": {"name": "ascat-b-25km-des-u", "variable": 20}}, {"model": "data_parser.dataset", "pk": 164, "fields": {"name": "ascat-b-25km-des-v", "variable": 20}}, {"model": "data_parser.dataset", "pk": 165, "fields": {"name": "chl-a-modis", "variable": 22}}, {"model": "data_parser.dataset", "pk": 166, "fields": {"name": "chla-modis", "variable": 22}}, {"model": "data_parser.dataset", "pk": 167, "fields": {"name": "chl-a", "variable": 22}}, {"model": "data_parser.dataset", "pk": 168, "fields": {"name": "chl-l3", "variable": 22}}, {"model": "data_parser.dataset", "pk": 169, "fields": {"name": "chl-l4", "variable": 22}}, {"model": "data_parser.dataset", "pk": 170, "fields": {"name": "log10-chlorophyll", "variable": 22}}, {"model": "data_parser.dataset", "pk": 171, "fields": {"name": "oxygen", "variable": 23}}, {"model": "data_parser.dataset", "pk": 172, "fields": {"name": "spm", "variable": 24}}, {"model": "data_parser.dataset", "pk": 173, "fields": {"name": "seaice-concentration", "variable": 25}}, {"model": "data_parser.dataset", "pk": 174, "fields": {"name": "seaice-drift", "variable": 25}}, {"model": "data_parser.dataset", "pk": 175, "fields": {"name": "seaice-edge", "variable": 25}}, {"model": "data_parser.dataset", "pk": 176, "fields": {"name": "ice-concentration", "variable": 25}}, {"model": "data_parser.dataset", "pk": 177, "fields": {"name": "ice-coverage", "variable": 25}}, {"model": "data_parser.dataset", "pk": 178, "fields": {"name": "ice-thickness", "variable": 25}}]